{
  "Account length": 0.04834900067747651,
  "Area code": 0.013488936110887714,
  "International plan": 0.08003369919004004,
  "Voice mail plan": 0.014392835460509864,
  "Number vmail messages": 0.02752637744714915,
  "Total day minutes": 0.19622064325652872,
  "Total day calls": 0.04427741856026901,
  "Total eve minutes": 0.07024098645972766,
  "Total eve calls": 0.04585779554494253,
  "Total night minutes": 0.05717910665133221,
  "Total night calls": 0.04456694027136691,
  "Total intl minutes": 0.06511682380992163,
  "Total intl calls": 0.04140927630085673,
  "Customer service calls": 0.13586608549361703,
  "State_AK": 0.0010749595225751217,
  "State_AL": 0.0017463206700709308,
  "State_AR": 0.001828751151152398,
  "State_AZ": 0.0018529133138278746,
  "State_CA": 0.0023621293568496515,
  "State_CO": 0.00208962479431884,
  "State_CT": 0.002340775444057294,
  "State_DC": 0.0031471413509275873,
  "State_DE": 0.0018335786358396602,
  "State_FL": 0.002249721067237328,
  "State_GA": 0.0014511289462438791,
  "State_HI": 0.0014378302959401445,
  "State_IA": 0.0008657659246153433,
  "State_ID": 0.0015286487417767833,
  "State_IL": 0.0016238865582033698,
  "State_IN": 0.002912344492800023,
  "State_KS": 0.0016526522587411731,
  "State_KY": 0.0009734340131362405,
  "State_LA": 0.0017557506689233173,
  "State_MA": 0.0018726937536919053,
  "State_MD": 0.002511269319315538,
  "State_ME": 0.003717131433726457,
  "State_MI": 0.0027585738295319313,
  "State_MN": 0.0024793780533912185,
  "State_MO": 0.0011809578913071692,
  "State_MS": 0.003590641138208273,
  "State_MT": 0.00379456665083775,
  "State_NC": 0.0021811210500644576,
  "State_ND": 0.002266579393561168,
  "State_NE": 0.0025643700431926225,
  "State_NH": 0.0019950591450734315,
  "State_NJ": 0.003827911403592749,
  "State_NM": 0.002318435662317287,
  "State_NV": 0.002537503039645936,
  "State_NY": 0.0023239301858217847,
  "State_OH": 0.003696490162207283,
  "State_OK": 0.00194269939534828,
  "State_OR": 0.002109020643457635,
  "State_PA": 0.0018751656504206917,
  "State_RI": 0.0021392854281327097,
  "State_SC": 0.002356830765717752,
  "State_SD": 0.0017992584529268442,
  "State_TN": 0.0010497290254561469,
  "State_TX": 0.004972375199062892,
  "State_UT": 0.002414353836765359,
  "State_VA": 0.0037317690532592458,
  "State_VT": 0.0019810646087412833,
  "State_WA": 0.0021108233888302553,
  "State_WI": 0.0018914157173720361,
  "State_WV": 0.0024350393800191376,
  "State_WY": 0.0023212748571402636
}